dataset,document_id,true_label,true_label_text,model,text_length,gptzer_probability,gptzer_prediction,notes
arxiv_chatgpt,1782,0,Human,human,1811,0,0,"100 is AI, 0 is human, 1 is AI"
arxiv_chatgpt,3917,1,AI,gpt-3.5-turbo,1788,1,1,
arxiv_chatgpt,221,1,AI,gpt-3.5-turbo,1352,1,1,
arxiv_chatgpt,2135,1,AI,gpt-3.5-turbo,1383,1,1,
arxiv_chatgpt,5224,0,Human,human,1008,0,0,
arxiv_chatgpt,1168,0,Human,human,1164,0,0,
arxiv_chatgpt,879,1,AI,gpt-3.5-turbo,1479,1,1,
arxiv_chatgpt,156,0,Human,human,1023,0,0,
arxiv_chatgpt,1657,1,AI,gpt-3.5-turbo,1562,1,1,
arxiv_chatgpt,323,1,AI,gpt-3.5-turbo,1379,1,1,
arxiv_chatgpt,5302,0,Human,human,1790,0,0,
arxiv_chatgpt,2611,1,AI,gpt-3.5-turbo,1340,1,1,
arxiv_chatgpt,811,1,AI,gpt-3.5-turbo,1500,1,1,
arxiv_chatgpt,393,1,AI,gpt-3.5-turbo,1258,1,1,
arxiv_chatgpt,3593,1,AI,gpt-3.5-turbo,1363,1,1,
arxiv_chatgpt,2638,0,Human,human,1788,0,0,
arxiv_chatgpt,2187,1,AI,gpt-3.5-turbo,1320,1,1,
arxiv_chatgpt,5351,1,AI,gpt-3.5-turbo,1481,1,1,
arxiv_chatgpt,319,1,AI,gpt-3.5-turbo,1387,1,1,
arxiv_chatgpt,167,1,AI,gpt-3.5-turbo,1188,1,1,
arxiv_cohere,1782,0,Human,human,1811,0,0,
arxiv_cohere,3917,1,AI,command-xlarge-nightly,1003,1,1,
arxiv_cohere,221,1,AI,command-xlarge-nightly,1143,0.87,1,
arxiv_cohere,2135,1,AI,command-xlarge-nightly,751,0.52,1,
arxiv_cohere,5224,0,Human,human,1008,0,0,
arxiv_cohere,1168,0,Human,human,1164,0,0,
arxiv_cohere,879,1,AI,command-xlarge-nightly,1050,1,1,
arxiv_cohere,156,0,Human,human,1023,0,0,
arxiv_cohere,1657,1,AI,command-xlarge-nightly,1247,0.43,0,
arxiv_cohere,323,1,AI,command-xlarge-nightly,1114,0.45,0,
arxiv_cohere,5302,0,Human,human,1790,0,0,
arxiv_cohere,2611,1,AI,command-xlarge-nightly,1635,0.04,0,
arxiv_cohere,811,1,AI,command-xlarge-nightly,1171,0.04,0,
arxiv_cohere,393,1,AI,command-xlarge-nightly,1063,1,1,
arxiv_cohere,3593,1,AI,command-xlarge-nightly,1315,0.92,1,
arxiv_cohere,2638,0,Human,human,1788,0,0,
arxiv_cohere,2187,1,AI,command-xlarge-nightly,1218,0.9,1,
arxiv_cohere,5351,1,AI,command-xlarge-nightly,1158,0.64,1,
arxiv_cohere,319,1,AI,command-xlarge-nightly,1102,0.07,0,
arxiv_cohere,167,1,AI,command-xlarge-nightly,1370,0.78,1,
german_wiki,521,1,AI,gpt-3.5-turbo,2092,0.52,1,
german_wiki,737,1,AI,gpt-3.5-turbo,912,1,1,
german_wiki,740,0,Human,human,1806,0,0,
german_wiki,660,0,Human,human,1096,0.01,0,
german_wiki,411,1,AI,gpt-3.5-turbo,1669,0.28,1,
german_wiki,678,0,Human,human,1362,0,0,
german_wiki,626,0,Human,human,1123,0,0,
german_wiki,513,1,AI,gpt-3.5-turbo,1999,0,0,
german_wiki,859,1,AI,gpt-3.5-turbo,3242,0.22,0,
german_wiki,136,0,Human,human,1377,0.02,0,
german_wiki,811,1,AI,gpt-3.5-turbo,1763,0.01,0,
german_wiki,76,0,Human,human,2338,0,0,
german_wiki,636,0,Human,human,1518,0,0,
german_wiki,973,1,AI,gpt-3.5-turbo,1862,0.11,0,
german_wiki,938,0,Human,human,1107,0,0,
german_wiki,899,1,AI,gpt-3.5-turbo,2143,0.85,1,
german_wiki,280,0,Human,human,1607,0,0,
german_wiki,883,1,AI,gpt-3.5-turbo,1341,0.55,1,
german_wiki,761,1,AI,gpt-3.5-turbo,1558,0.04,0,
german_wiki,319,1,AI,gpt-3.5-turbo,2580,0.87,1,
hewlett,76,0,Human,human,2062,0,0,
hewlett,0,0,Human,human,1977,0,0,
hewlett,26,0,Human,human,696,0.02,0,
hewlett,22,0,Human,human,1007,0,0,
hewlett,12,0,Human,human,1670,0,0,
hewlett,67,0,Human,human,2447,0,0,
hewlett,10,0,Human,human,2526,0,0,
hewlett,18,0,Human,human,835,0,0,
hewlett,4,0,Human,human,2380,0,0,
hewlett,68,0,Human,human,2102,0,0,
hewlett,85,0,Human,human,2926,0,0,
hewlett,65,0,Human,human,2967,0.05,0,
hewlett,53,0,Human,human,1279,0,0,
hewlett,80,0,Human,human,1971,0,0,
hewlett,84,0,Human,human,1407,0,0,
hewlett,64,0,Human,human,1906,0,0,
hewlett,33,0,Human,human,2299,0,0,
hewlett,79,0,Human,human,1849,0,0,
hewlett,55,0,Human,human,1898,0,0,
hewlett,73,0,Human,human,2702,0,0,
reddit_chatgpt,1782,0,Human,human,2269,0,0,
reddit_chatgpt,3917,1,AI,gpt-3.5-turbo,2042,1,1,
reddit_chatgpt,221,1,AI,gpt-3.5-turbo,1640,1,1,
reddit_chatgpt,2135,1,AI,gpt-3.5-turbo,1265,1,1,
reddit_chatgpt,5224,0,Human,human,2952,0,0,
reddit_chatgpt,1168,0,Human,human,2392,0,0,
reddit_chatgpt,879,1,AI,gpt-3.5-turbo,2018,1,1,
reddit_chatgpt,156,0,Human,human,3897,0,0,
reddit_chatgpt,1657,1,AI,gpt-3.5-turbo,2798,1,1,
reddit_chatgpt,323,1,AI,gpt-3.5-turbo,1669,1,1,
reddit_chatgpt,5302,0,Human,human,1028,0,0,
reddit_chatgpt,2611,1,AI,gpt-3.5-turbo,1503,1,1,
reddit_chatgpt,811,1,AI,gpt-3.5-turbo,1240,1,1,
reddit_chatgpt,393,1,AI,gpt-3.5-turbo,1108,1,1,
reddit_chatgpt,3593,1,AI,gpt-3.5-turbo,1528,1,1,
reddit_chatgpt,2638,0,Human,human,1352,0,0,
reddit_chatgpt,2187,1,AI,gpt-3.5-turbo,1156,1,1,
reddit_chatgpt,5351,1,AI,gpt-3.5-turbo,1722,1,1,
reddit_chatgpt,319,1,AI,gpt-3.5-turbo,2010,1,1,
reddit_chatgpt,167,1,AI,gpt-3.5-turbo,1736,1,1,
reddit_cohere,640,0,Human,human,7941,0,0,
reddit_cohere,581,1,AI,cohere,644,0.03,0,
reddit_cohere,221,1,AI,cohere,1991,0.02,0,
reddit_cohere,1693,1,AI,cohere,469,0.17,0,
reddit_cohere,1733,1,AI,cohere,502,0.88,1,
reddit_cohere,3700,0,Human,human,1540,0,0,
reddit_cohere,2604,0,Human,human,1446,0,0,
reddit_cohere,466,0,Human,human,2145,0,0,
reddit_cohere,1824,0,Human,human,2384,0,0,
reddit_cohere,2264,0,Human,human,1318,0,0,
reddit_cohere,1756,0,Human,human,2827,0,0,
reddit_cohere,4946,0,Human,human,1009,0,0,
reddit_cohere,792,0,Human,human,2918,0,0,
reddit_cohere,363,1,AI,cohere,363,1,1,
reddit_cohere,2787,1,AI,cohere,1210,1,1,
reddit_cohere,3248,0,Human,human,1894,0,0,
reddit_cohere,355,1,AI,cohere,1081,0.04,0,
reddit_cohere,4224,0,Human,human,1303,0,0,
reddit_cohere,1807,1,AI,cohere,1287,0,0,
reddit_cohere,2261,1,AI,cohere,843,1,1,
toefl,40,0,Human,human,783,0.85,1,
toefl,22,0,Human,human,526,0.02,0,
toefl,55,0,Human,human,497,0.04,0,
toefl,88,0,Human,human,789,0.84,1,
toefl,0,0,Human,human,501,0,0,
toefl,26,0,Human,human,568,0,0,
toefl,39,0,Human,human,731,0.02,0,
toefl,66,0,Human,human,743,0.1,0,
toefl,10,0,Human,human,536,0.04,0,
toefl,44,0,Human,human,763,0,0,
toefl,85,0,Human,human,737,0,0,
toefl,35,0,Human,human,610,0.03,0,
toefl,70,0,Human,human,486,0.04,0,
toefl,62,0,Human,human,424,0.03,0,
toefl,12,0,Human,human,496,0.07,0,
toefl,4,0,Human,human,579,0.04,0,
toefl,18,0,Human,human,452,0.02,0,
toefl,28,0,Human,human,530,0.75,1,
toefl,49,0,Human,human,852,0,0,
toefl,64,0,Human,human,333,0,0,